id_chatbot,intent,pertanyaan,jawaban,action,processed_question
1,sapaan,halo,Halo! Ada yang bisa saya bantu terkait layanan Bengkel Motor Kurnia?,,halo
2,sapaan,hai,Halo! Ada yang bisa saya bantu terkait layanan Bengkel Motor Kurnia?,,hai
3,sapaan,hallo,Halo! Ada yang bisa saya bantu terkait layanan Bengkel Motor Kurnia?,,hallo
4,sapaan,selamat pagi,"Selamat pagi, ada yang bisa kami bantu?",,selamat pagi
5,sapaan,selamat siang,"Selamat siang, silakan tanyakan kebutuhan Anda.",,selamat siang
6,sapaan,selamat sore,"Selamat sore, ada yang bisa dibantu?",,selamat sore
7,sapaan,permisi,"Halo, silakan tanyakan kebutuhan Anda.",,permisi
8,sapaan,assalamualaikum,"Waalaikumsalam, ada yang bisa dibantu?",,assalamualaikum
9,sapaan,salam,"Halo, selamat datang di Bengkel Motor Kurnia.",,salam
10,sapaan,pagi bengkel,"Selamat pagi, ada yang bisa dibantu?",,pagi bengkel
11,sapaan,halo bengkel,Halo! Ada yang bisa saya bantu terkait layanan bengkel?,,halo bengkel
12,sapaan,hai admin,Halo! Silakan tanyakan kebutuhan Anda.,,hai admin
13,sapaan,selamat malam,"Halo, pesan Anda tetap dapat ditanyakan melalui chatbot ini.",,selamat malam
14,sapaan,punten bengkel,"Halo, silakan tanyakan kebutuhan Anda.",,punten bengkel
15,bantuan_umum,tolong bantu saya,"Saya dapat membantu informasi bengkel, jadwal, lokasi, servis, stok barang, dan rekomendasi produk.",,bantu
16,bantuan_umum,bantu saya,"Saya dapat membantu informasi bengkel, jadwal, lokasi, servis, stok barang, dan rekomendasi produk.",,bantu
17,bantuan_umum,bisa bantu saya,"Tentu, silakan tanyakan kebutuhan Anda terkait bengkel motor.",,bantu
18,bantuan_umum,saya butuh bantuan,Silakan tanyakan layanan bengkel yang Anda butuhkan.,,butuh bantu
19,bantuan_umum,bantu dong,Silakan tanyakan kebutuhan Anda terkait bengkel motor.,,bantu dong
20,bantuan_umum,chatbot ini bisa apa,"Saya dapat membantu lokasi bengkel, jadwal, servis motor, stok barang, dan rekomendasi produk.",,chatbot apa
21,bantuan_umum,fitur chatbot apa saja,"Saya dapat membantu lokasi bengkel, jadwal, servis motor, stok barang, dan rekomendasi produk.",,fitur chatbot apa
22,bantuan_umum,kamu bisa bantu apa,"Saya dapat membantu informasi bengkel, stok barang, dan keluhan motor sederhana.",,kamu bantu apa
23,bantuan_umum,saya mau tanya,Silakan tanyakan kebutuhan Anda terkait bengkel motor.,,mau tanya
24,bantuan_umum,mau tanya dong,Silakan tanyakan kebutuhan Anda terkait bengkel motor.,,mau tanya dong
25,bantuan_umum,butuh informasi bengkel,"Saya dapat membantu informasi bengkel, jadwal, lokasi, servis, stok barang, dan rekomendasi produk.",,butuh informasi bengkel
26,bantuan_umum,help,Silakan tanyakan kebutuhan Anda terkait bengkel motor.,,help
27,bantuan_umum,ada yang bisa dibantu,"Saya dapat membantu informasi bengkel, jadwal, lokasi, servis, stok barang, dan rekomendasi produk.",,bantu
28,bantuan_umum,informasi apa saja yang tersedia,"Saya dapat membantu lokasi bengkel, jadwal, servis motor, stok barang, dan rekomendasi produk.",,informasi apa sedia
29,akhir_percakapan,terima kasih,"Sama-sama, semoga membantu.",,terima kasih
30,akhir_percakapan,makasih,"Sama-sama, hati-hati di jalan.",,makasih
31,akhir_percakapan,matur nuwun,"Sama-sama, semoga membantu.",,matur nuwun
32,akhir_percakapan,sudah cukup,"Baik, terima kasih telah menggunakan layanan chatbot bengkel.",,cukup
33,akhir_percakapan,cukup,"Baik, semoga informasi yang diberikan membantu.",,cukup
34,akhir_percakapan,itu saja,"Baik, terima kasih sudah menghubungi bengkel kami.",,
35,akhir_percakapan,tidak ada pertanyaan lagi,"Baik, terima kasih sudah menghubungi bengkel kami.",,tanya
36,akhir_percakapan,sudah jelas,"Baik, terima kasih telah menggunakan layanan chatbot bengkel.",,jelas
37,akhir_percakapan,oke makasih,"Sama-sama, semoga harimu menyenangkan.",,oke makasih
38,akhir_percakapan,bye,Terima kasih telah menggunakan layanan chatbot bengkel.,,bye
39,akhir_percakapan,sampai jumpa,Sampai jumpa kembali.,,jumpa
40,akhir_percakapan,ok sip,"Baik, semoga informasi yang diberikan membantu.",,sip
41,jadwal_bengkel,bengkel buka jam berapa,Bengkel buka pukul 08.00-17.00 WIB.,,bengkel buka jam berapa
42,jadwal_bengkel,jam operasional bengkel,Bengkel buka Senin-Sabtu pukul 08.00-17.00 WIB.,,jam operasional bengkel
43,jadwal_bengkel,hari ini buka tidak,Bengkel buka Senin-Sabtu pukul 08.00-17.00 WIB.,,hari buka
44,jadwal_bengkel,buka sampai jam berapa,Bengkel melayani sampai pukul 17.00 WIB.,,buka jam berapa
45,jadwal_bengkel,bengkel tutup jam berapa,Bengkel tutup pukul 17.00 WIB.,,bengkel tutup jam berapa
46,jadwal_bengkel,hari minggu buka tidak,Bengkel libur pada hari Minggu.,,hari minggu buka
47,jadwal_bengkel,sabtu buka tidak,Bengkel buka hari Senin-Sabtu.,,sabtu buka
48,jadwal_bengkel,bisa servis sore,Bengkel melayani servis sampai pukul 17.00 WIB.,,servis sore
49,jadwal_bengkel,jadwal bengkel gimana,Bengkel buka Senin-Sabtu pukul 08.00-17.00 WIB.,,jadwal bengkel gimana
50,jadwal_bengkel,buka dari pagi jam berapa,Bengkel buka mulai pukul 08.00 WIB.,,buka pagi jam berapa
51,jadwal_bengkel,bengkel libur hari apa,Bengkel libur hari Minggu.,,bengkel libur hari apa
52,jadwal_bengkel,masih buka sekarang,Bengkel buka sampai pukul 17.00 WIB.,,buka sekarang
53,lokasi_bengkel,alamat bengkel dimana,Bengkel berada di depan Masjid Senduro.,open_maps,alamat bengkel
54,lokasi_bengkel,lokasi bengkel dimana,Bengkel berada di depan Masjid Senduro.,open_maps,lokasi bengkel
55,lokasi_bengkel,bengkel ada dimana,Bengkel berada di depan Masjid Senduro.,open_maps,bengkel
56,lokasi_bengkel,share lokasi bengkel,Bengkel berada di depan Masjid Senduro.,open_maps,share lokasi bengkel
57,lokasi_bengkel,ada maps bengkel,Bengkel berada di depan Masjid Senduro.,open_maps,maps bengkel
58,lokasi_bengkel,kirim alamat bengkel,Bengkel berada di depan Masjid Senduro.,open_maps,kirim alamat bengkel
59,lokasi_bengkel,bengkel dekat mana,Bengkel berada di depan Masjid Senduro.,open_maps,bengkel dekat mana
60,lokasi_bengkel,rute ke bengkel gimana,Bengkel berada di depan Masjid Senduro.,open_maps,rute bengkel gimana
61,lokasi_bengkel,posisi bengkel dimana,Bengkel berada di depan Masjid Senduro.,open_maps,posisi bengkel
62,lokasi_bengkel,lokasi lengkap bengkel,Bengkel berada di depan Masjid Senduro.,open_maps,lokasi lengkap bengkel
63,lokasi_bengkel,maps kurnia motor,Bengkel berada di depan Masjid Senduro.,open_maps,maps kurnia motor
64,lokasi_bengkel,saya mau ke bengkel,Bengkel berada di depan Masjid Senduro.,open_maps,mau bengkel
65,kontak_admin,nomor wa bengkel berapa,Nomor WhatsApp kami adalah 085606213825.,open_wa,nomor wa bengkel berapa
66,kontak_admin,wa bengkel berapa,Nomor WhatsApp kami adalah 085606213825.,open_wa,wa bengkel berapa
67,kontak_admin,nomor whatsapp bengkel,Nomor WhatsApp kami adalah 085606213825.,open_wa,nomor whatsapp bengkel
68,kontak_admin,bisa hubungi lewat whatsapp,Nomor WhatsApp kami adalah 085606213825.,open_wa,hubung lewat whatsapp
69,kontak_admin,kontak admin ada,Nomor WhatsApp kami adalah 085606213825.,open_wa,kontak admin
70,kontak_admin,nomor telepon bengkel,Nomor WhatsApp kami adalah 085606213825.,open_wa,nomor telepon bengkel
71,kontak_admin,minta nomor admin,Nomor WhatsApp kami adalah 085606213825.,open_wa,minta nomor admin
72,kontak_admin,saya mau chat petugas,Nomor WhatsApp kami adalah 085606213825.,open_wa,mau chat tugas
73,kontak_admin,hubungi petugas bengkel,Nomor WhatsApp kami adalah 085606213825.,open_wa,hubung tugas bengkel
74,kontak_admin,nomor bengkel berapa,Nomor WhatsApp kami adalah 085606213825.,open_wa,nomor bengkel berapa
75,kontak_admin,kontak bengkel,Nomor WhatsApp kami adalah 085606213825.,open_wa,kontak bengkel
76,kontak_admin,admin bisa dihubungi,Nomor WhatsApp kami adalah 085606213825.,open_wa,admin hubung
77,harga_servis,ganti oli motor berapa,"Biaya ganti oli mulai Rp50.000, belum termasuk harga oli tertentu.",,ganti oli motor berapa
78,harga_servis,servis motor berapa,Biaya servis motor mulai dari Rp75.000.,,servis motor berapa
79,harga_servis,servis lengkap habis berapa,Biaya servis lengkap mulai dari Rp150.000.,,servis lengkap habis berapa
80,harga_servis,tune up motor berapa,Biaya tune up mulai dari Rp100.000.,,tune up motor berapa
81,harga_servis,servis ringan berapa,Biaya servis ringan mulai dari Rp75.000.,,servis ringan berapa
82,harga_servis,cek motor bayar tidak,Pengecekan motor gratis.,,cek motor bayar
83,harga_servis,biaya cek kerusakan motor,Pengecekan motor gratis.,,biaya cek rusa motor
84,harga_servis,tarif servis matic,Biaya servis motor matic mulai dari Rp75.000.,,tarif servis matic
85,harga_servis,harga servis injeksi,Biaya servis injeksi menyesuaikan kondisi motor.,,harga servis injeksi
86,harga_servis,berapa biaya perbaikan rem,Biaya perbaikan rem menyesuaikan kondisi dan sparepart.,,berapa biaya baik rem
87,harga_servis,biaya ganti ban,Biaya penggantian ban menyesuaikan jenis ban.,,biaya ganti ban
88,harga_servis,harga tune up bengkel,Biaya tune up mulai dari Rp100.000.,,harga tune up bengkel
89,layanan_servis,motor saya brebet,Sedang menganalisis keluhan motor.,diagnosa,motor brebet
90,layanan_servis,motor brebet saat digas,Sedang menganalisis keluhan motor.,diagnosa,motor brebet gas
91,layanan_servis,motor brebet di tanjakan,Sedang menganalisis keluhan motor.,diagnosa,motor brebet tanjak
92,layanan_servis,motor brebet saat dingin,Sedang menganalisis keluhan motor.,diagnosa,motor brebet dingin
93,layanan_servis,motor susah hidup,Sedang menganalisis keluhan motor.,diagnosa,motor susah hidup
94,layanan_servis,rem motor keras,Sedang menganalisis keluhan motor.,diagnosa,rem motor keras
95,layanan_servis,mesin motor cepat panas,Sedang menganalisis keluhan motor.,diagnosa,mesin motor cepat panas
96,layanan_servis,bisa servis motor matic,Bengkel melayani servis motor matic.,,servis motor matic
97,layanan_servis,bisa servis injeksi,Bengkel menerima servis injeksi.,,servis injeksi
98,layanan_servis,bisa tune up motor,Bengkel melayani tune up motor.,,tune up motor
99,layanan_servis,bisa ganti ban,Bengkel melayani penggantian ban.,,ganti ban
100,layanan_servis,bisa ganti oli,Bengkel melayani penggantian oli.,,ganti oli
101,layanan_servis,bisa perbaiki rem motor,Bengkel melayani perbaikan rem motor.,,baik rem motor
102,layanan_servis,servis motor karburator bisa,Bengkel melayani servis motor karburator.,,servis motor karburator
103,layanan_servis,servis motor beat bisa,Bengkel melayani servis motor Beat.,,servis motor beat
104,layanan_servis,servis motor vario bisa,Bengkel melayani servis motor Vario.,,servis motor vario
105,cek_stok,stok oli yamalube matic,Sedang cek stok barang.,check_stock,stok oli yamalube matic
106,cek_stok,ada oli ahm mpx 2,Sedang cek stok barang.,check_stock,oli ahm mpx
107,cek_stok,oli enduro matic ready,Sedang cek stok barang.,check_stock,oli enduro matic ready
108,cek_stok,stok busi ngk cpr9ea,Sedang cek stok barang.,check_stock,stok busi ngk cprea
109,cek_stok,ada busi denso u22epr9,Sedang cek stok barang.,check_stock,busi denso uepr
110,cek_stok,stok aki gs astra,Sedang cek stok barang.,check_stock,stok aki gs astra
111,cek_stok,aki yuasa masih ada,Sedang cek stok barang.,check_stock,aki yuasa
112,cek_stok,ban fdr ready,Sedang cek stok barang.,check_stock,ban fdr ready
113,cek_stok,ban irc masih tersedia,Sedang cek stok barang.,check_stock,ban irc sedia
114,cek_stok,kampas rem federal ada,Sedang cek stok barang.,check_stock,kampas rem federal
115,cek_stok,kampas rem indoparts ready,Sedang cek stok barang.,check_stock,kampas rem indoparts ready
116,cek_stok,filter udara honda ada,Sedang cek stok barang.,check_stock,filter udara honda
117,cek_stok,filter udara yamaha tersedia,Sedang cek stok barang.,check_stock,filter udara yamaha sedia
118,cek_stok,cvt belt bando ada,Sedang cek stok barang.,check_stock,cvt belt bando
119,cek_stok,rantai sss ready,Sedang cek stok barang.,check_stock,rantai sss ready
120,cek_stok,stok oli untuk beat,Sedang cek stok barang.,check_stock,stok oli beat
121,cek_stok,stok busi untuk vario,Sedang cek stok barang.,check_stock,stok busi vario
122,cek_stok,stok aki untuk scoopy,Sedang cek stok barang.,check_stock,stok aki scoopy
123,info_barang,informasi oli yamalube matic,Info barang.,info_barang,informasi oli yamalube matic
124,info_barang,harga oli ahm mpx 2,Info barang.,info_barang,harga oli ahm mpx
125,info_barang,detail oli enduro matic,Info barang.,info_barang,detail oli enduro matic
126,info_barang,info busi ngk cpr9ea,Info barang.,info_barang,info busi ngk cprea
127,info_barang,harga busi denso u22epr9,Info barang.,info_barang,harga busi denso uepr
128,info_barang,informasi aki gs astra,Info barang.,info_barang,informasi aki gs astra
129,info_barang,detail aki yuasa,Info barang.,info_barang,detail aki yuasa
130,info_barang,harga ban fdr sport,Info barang.,info_barang,harga ban fdr sport
131,info_barang,info ban irc nr76,Info barang.,info_barang,info ban irc nr
132,info_barang,harga kampas rem federal,Info barang.,info_barang,harga kampas rem federal
133,info_barang,detail kampas rem indoparts,Info barang.,info_barang,detail kampas rem indoparts
134,info_barang,info filter udara honda,Info barang.,info_barang,info filter udara honda
135,info_barang,harga filter udara yamaha,Info barang.,info_barang,harga filter udara yamaha
136,info_barang,detail cvt belt bando,Info barang.,info_barang,detail cvt belt bando
137,info_barang,harga rantai sss,Info barang.,info_barang,harga rantai sss
138,info_barang,harga oli untuk beat,Info barang.,info_barang,harga oli beat
139,info_barang,info aki untuk vario,Info barang.,info_barang,info aki vario
140,info_barang,detail sparepart motor,Info barang.,info_barang,detail sparepart motor
141,rekom_produk,oli yang cocok untuk beat,Rekomendasi produk.,saran_produk,oli cocok beat
142,rekom_produk,rekomendasi oli vario,Rekomendasi produk.,saran_produk,rekomendasi oli vario
143,rekom_produk,oli bagus untuk scoopy,Rekomendasi produk.,saran_produk,oli bagus scoopy
144,rekom_produk,oli untuk motor matic,Rekomendasi produk.,saran_produk,oli motor matic
145,rekom_produk,busi yang cocok untuk beat,Rekomendasi produk.,saran_produk,busi cocok beat
146,rekom_produk,busi untuk vario apa,Rekomendasi produk.,saran_produk,busi vario apa
147,rekom_produk,aki terbaik untuk nmax,Rekomendasi produk.,saran_produk,aki baik nmax
148,rekom_produk,aki untuk pcx apa,Rekomendasi produk.,saran_produk,aki pcx apa
149,rekom_produk,ban yang cocok untuk beat,Rekomendasi produk.,saran_produk,ban cocok beat
150,rekom_produk,produk cocok untuk mio,Rekomendasi produk.,saran_produk,produk cocok mio
151,daftar_barang,oli yang tersedia ada apa saja,Berikut daftar oli yang tersedia.,list_barang,oli sedia apa
152,daftar_barang,oli apa saja yang ada,Berikut daftar oli yang tersedia.,list_barang,oli apa
153,daftar_barang,daftar oli yang tersedia,Berikut daftar oli yang tersedia.,list_barang,daftar oli sedia
154,daftar_barang,pilihan oli di bengkel apa saja,Berikut daftar oli yang tersedia.,list_barang,pilih oli bengkel apa
155,daftar_barang,busi yang tersedia ada apa saja,Berikut daftar busi yang tersedia.,list_barang,busi sedia apa
156,daftar_barang,daftar aki yang ada,Berikut daftar aki yang tersedia.,list_barang,daftar aki
157,daftar_barang,ban apa saja yang tersedia,Berikut daftar ban yang tersedia.,list_barang,ban apa sedia
158,daftar_barang,sparepart yang tersedia apa saja,Berikut daftar sparepart yang tersedia.,list_barang,sparepart sedia apa
159,daftar_barang,barang yang tersedia di bengkel apa saja,Berikut daftar barang yang tersedia.,list_barang,barang sedia bengkel apa
160,daftar_barang,ada pilihan filter udara apa saja,Berikut daftar filter udara yang tersedia.,list_barang,pilih filter udara apa
161,sapaan,halo min,Halo! Ada yang bisa saya bantu terkait layanan Bengkel Motor Kurnia?,,halo min
162,sapaan,hai min,Halo! Ada yang bisa saya bantu terkait layanan Bengkel Motor Kurnia?,,hai min
163,sapaan,hallo min,Halo! Ada yang bisa saya bantu terkait layanan Bengkel Motor Kurnia?,,hallo min
164,sapaan,selamat pagi min,"Selamat pagi, ada yang bisa kami bantu?",,selamat pagi min
165,sapaan,selamat siang min,"Selamat siang, silakan tanyakan kebutuhan Anda.",,selamat siang min
166,sapaan,selamat sore min,"Selamat sore, ada yang bisa dibantu?",,selamat sore min
167,sapaan,permisi min,"Halo, silakan tanyakan kebutuhan Anda.",,permisi min
168,sapaan,assalamualaikum min,"Waalaikumsalam, ada yang bisa dibantu?",,assalamualaikum min
169,sapaan,salam min,"Halo, selamat datang di Bengkel Motor Kurnia.",,salam min
170,sapaan,pagi bengkel min,"Selamat pagi, ada yang bisa dibantu?",,pagi bengkel min
171,sapaan,halo bengkel min,Halo! Ada yang bisa saya bantu terkait layanan bengkel?,,halo bengkel min
172,sapaan,hai admin min,Halo! Silakan tanyakan kebutuhan Anda.,,hai admin min
173,sapaan,selamat malam min,"Halo, pesan Anda tetap dapat ditanyakan melalui chatbot ini.",,selamat malam min
174,sapaan,punten bengkel min,"Halo, silakan tanyakan kebutuhan Anda.",,punten bengkel min
175,bantuan_umum,"min, tolong bantu saya","Saya dapat membantu informasi bengkel, jadwal, lokasi, servis, stok barang, dan rekomendasi produk.",,min bantu
176,bantuan_umum,"min, bantu saya","Saya dapat membantu informasi bengkel, jadwal, lokasi, servis, stok barang, dan rekomendasi produk.",,min bantu
177,bantuan_umum,"min, bisa bantu saya","Tentu, silakan tanyakan kebutuhan Anda terkait bengkel motor.",,min bantu
178,bantuan_umum,"min, saya butuh bantuan",Silakan tanyakan layanan bengkel yang Anda butuhkan.,,min butuh bantu
179,bantuan_umum,"min, bantu dong",Silakan tanyakan kebutuhan Anda terkait bengkel motor.,,min bantu dong
180,bantuan_umum,"min, chatbot ini bisa apa","Saya dapat membantu lokasi bengkel, jadwal, servis motor, stok barang, dan rekomendasi produk.",,min chatbot apa
181,bantuan_umum,"min, fitur chatbot apa saja","Saya dapat membantu lokasi bengkel, jadwal, servis motor, stok barang, dan rekomendasi produk.",,min fitur chatbot apa
182,bantuan_umum,"min, kamu bisa bantu apa","Saya dapat membantu informasi bengkel, stok barang, dan keluhan motor sederhana.",,min kamu bantu apa
183,bantuan_umum,"min, saya mau tanya",Silakan tanyakan kebutuhan Anda terkait bengkel motor.,,min mau tanya
184,bantuan_umum,"min, mau tanya dong",Silakan tanyakan kebutuhan Anda terkait bengkel motor.,,min mau tanya dong
185,bantuan_umum,"min, butuh informasi bengkel","Saya dapat membantu informasi bengkel, jadwal, lokasi, servis, stok barang, dan rekomendasi produk.",,min butuh informasi bengkel
186,bantuan_umum,"min, help",Silakan tanyakan kebutuhan Anda terkait bengkel motor.,,min help
187,bantuan_umum,"min, ada yang bisa dibantu","Saya dapat membantu informasi bengkel, jadwal, lokasi, servis, stok barang, dan rekomendasi produk.",,min bantu
188,bantuan_umum,"min, informasi apa saja yang tersedia","Saya dapat membantu lokasi bengkel, jadwal, servis motor, stok barang, dan rekomendasi produk.",,min informasi apa sedia
189,akhir_percakapan,terima kasih ya,"Sama-sama, semoga membantu.",,terima kasih
190,akhir_percakapan,makasih ya,"Sama-sama, hati-hati di jalan.",,makasih
191,akhir_percakapan,matur nuwun ya,"Sama-sama, semoga membantu.",,matur nuwun
192,akhir_percakapan,sudah cukup ya,"Baik, terima kasih telah menggunakan layanan chatbot bengkel.",,cukup
193,akhir_percakapan,cukup ya,"Baik, semoga informasi yang diberikan membantu.",,cukup
194,akhir_percakapan,itu saja ya,"Baik, terima kasih sudah menghubungi bengkel kami.",,
195,akhir_percakapan,tidak ada pertanyaan lagi ya,"Baik, terima kasih sudah menghubungi bengkel kami.",,tanya
196,akhir_percakapan,sudah jelas ya,"Baik, terima kasih telah menggunakan layanan chatbot bengkel.",,jelas
197,akhir_percakapan,oke makasih ya,"Sama-sama, semoga harimu menyenangkan.",,oke makasih
198,akhir_percakapan,bye ya,Terima kasih telah menggunakan layanan chatbot bengkel.,,bye
199,akhir_percakapan,sampai jumpa ya,Sampai jumpa kembali.,,jumpa
200,akhir_percakapan,ok sip ya,"Baik, semoga informasi yang diberikan membantu.",,sip
201,jadwal_bengkel,"min, bengkel buka jam berapa",Bengkel buka pukul 08.00-17.00 WIB.,,min bengkel buka jam berapa
202,jadwal_bengkel,"min, jam operasional bengkel",Bengkel buka Senin-Sabtu pukul 08.00-17.00 WIB.,,min jam operasional bengkel
203,jadwal_bengkel,"min, hari ini buka tidak",Bengkel buka Senin-Sabtu pukul 08.00-17.00 WIB.,,min hari buka
204,jadwal_bengkel,"min, buka sampai jam berapa",Bengkel melayani sampai pukul 17.00 WIB.,,min buka jam berapa
205,jadwal_bengkel,"min, bengkel tutup jam berapa",Bengkel tutup pukul 17.00 WIB.,,min bengkel tutup jam berapa
206,jadwal_bengkel,"min, hari minggu buka tidak",Bengkel libur pada hari Minggu.,,min hari minggu buka
207,jadwal_bengkel,"min, sabtu buka tidak",Bengkel buka hari Senin-Sabtu.,,min sabtu buka
208,jadwal_bengkel,"min, bisa servis sore",Bengkel melayani servis sampai pukul 17.00 WIB.,,min servis sore
209,jadwal_bengkel,"min, jadwal bengkel gimana",Bengkel buka Senin-Sabtu pukul 08.00-17.00 WIB.,,min jadwal bengkel gimana
210,jadwal_bengkel,"min, buka dari pagi jam berapa",Bengkel buka mulai pukul 08.00 WIB.,,min buka pagi jam berapa
211,jadwal_bengkel,"min, bengkel libur hari apa",Bengkel libur hari Minggu.,,min bengkel libur hari apa
212,jadwal_bengkel,"min, masih buka sekarang",Bengkel buka sampai pukul 17.00 WIB.,,min buka sekarang
213,lokasi_bengkel,alamat bengkel dimana min,Bengkel berada di depan Masjid Senduro.,open_maps,alamat bengkel min
214,lokasi_bengkel,lokasi bengkel dimana min,Bengkel berada di depan Masjid Senduro.,open_maps,lokasi bengkel min
215,lokasi_bengkel,bengkel ada dimana min,Bengkel berada di depan Masjid Senduro.,open_maps,bengkel min
216,lokasi_bengkel,share lokasi bengkel min,Bengkel berada di depan Masjid Senduro.,open_maps,share lokasi bengkel min
217,lokasi_bengkel,ada maps bengkel min,Bengkel berada di depan Masjid Senduro.,open_maps,maps bengkel min
218,lokasi_bengkel,kirim alamat bengkel min,Bengkel berada di depan Masjid Senduro.,open_maps,kirim alamat bengkel min
219,lokasi_bengkel,bengkel dekat mana min,Bengkel berada di depan Masjid Senduro.,open_maps,bengkel dekat mana min
220,lokasi_bengkel,rute ke bengkel gimana min,Bengkel berada di depan Masjid Senduro.,open_maps,rute bengkel gimana min
221,lokasi_bengkel,posisi bengkel dimana min,Bengkel berada di depan Masjid Senduro.,open_maps,posisi bengkel min
222,lokasi_bengkel,lokasi lengkap bengkel min,Bengkel berada di depan Masjid Senduro.,open_maps,lokasi lengkap bengkel min
223,lokasi_bengkel,maps kurnia motor min,Bengkel berada di depan Masjid Senduro.,open_maps,maps kurnia motor min
224,lokasi_bengkel,saya mau ke bengkel min,Bengkel berada di depan Masjid Senduro.,open_maps,mau bengkel min
225,kontak_admin,"min, nomor wa bengkel berapa",Nomor WhatsApp kami adalah 085606213825.,open_wa,min nomor wa bengkel berapa
226,kontak_admin,"min, wa bengkel berapa",Nomor WhatsApp kami adalah 085606213825.,open_wa,min wa bengkel berapa
227,kontak_admin,"min, nomor whatsapp bengkel",Nomor WhatsApp kami adalah 085606213825.,open_wa,min nomor whatsapp bengkel
228,kontak_admin,"min, bisa hubungi lewat whatsapp",Nomor WhatsApp kami adalah 085606213825.,open_wa,min hubung lewat whatsapp
229,kontak_admin,"min, kontak admin ada",Nomor WhatsApp kami adalah 085606213825.,open_wa,min kontak admin
230,kontak_admin,"min, nomor telepon bengkel",Nomor WhatsApp kami adalah 085606213825.,open_wa,min nomor telepon bengkel
231,kontak_admin,"min, minta nomor admin",Nomor WhatsApp kami adalah 085606213825.,open_wa,min minta nomor admin
232,kontak_admin,"min, saya mau chat petugas",Nomor WhatsApp kami adalah 085606213825.,open_wa,min mau chat tugas
233,kontak_admin,"min, hubungi petugas bengkel",Nomor WhatsApp kami adalah 085606213825.,open_wa,min hubung tugas bengkel
234,kontak_admin,"min, nomor bengkel berapa",Nomor WhatsApp kami adalah 085606213825.,open_wa,min nomor bengkel berapa
235,kontak_admin,"min, kontak bengkel",Nomor WhatsApp kami adalah 085606213825.,open_wa,min kontak bengkel
236,kontak_admin,"min, admin bisa dihubungi",Nomor WhatsApp kami adalah 085606213825.,open_wa,min admin hubung
237,harga_servis,ganti oli motor berapa ya,"Biaya ganti oli mulai Rp50.000, belum termasuk harga oli tertentu.",,ganti oli motor berapa
238,harga_servis,servis motor berapa ya,Biaya servis motor mulai dari Rp75.000.,,servis motor berapa
239,harga_servis,servis lengkap habis berapa ya,Biaya servis lengkap mulai dari Rp150.000.,,servis lengkap habis berapa
240,harga_servis,tune up motor berapa ya,Biaya tune up mulai dari Rp100.000.,,tune up motor berapa
241,harga_servis,servis ringan berapa ya,Biaya servis ringan mulai dari Rp75.000.,,servis ringan berapa
242,harga_servis,cek motor bayar tidak ya,Pengecekan motor gratis.,,cek motor bayar
243,harga_servis,biaya cek kerusakan motor ya,Pengecekan motor gratis.,,biaya cek rusa motor
244,harga_servis,tarif servis matic ya,Biaya servis motor matic mulai dari Rp75.000.,,tarif servis matic
245,harga_servis,harga servis injeksi ya,Biaya servis injeksi menyesuaikan kondisi motor.,,harga servis injeksi
246,harga_servis,berapa biaya perbaikan rem ya,Biaya perbaikan rem menyesuaikan kondisi dan sparepart.,,berapa biaya baik rem
247,harga_servis,biaya ganti ban ya,Biaya penggantian ban menyesuaikan jenis ban.,,biaya ganti ban
248,harga_servis,harga tune up bengkel ya,Biaya tune up mulai dari Rp100.000.,,harga tune up bengkel
249,layanan_servis,"min, motor saya brebet",Sedang menganalisis keluhan motor.,diagnosa,min motor brebet
250,layanan_servis,"min, motor brebet saat digas",Sedang menganalisis keluhan motor.,diagnosa,min motor brebet gas
251,layanan_servis,"min, motor brebet di tanjakan",Sedang menganalisis keluhan motor.,diagnosa,min motor brebet tanjak
252,layanan_servis,"min, motor brebet saat dingin",Sedang menganalisis keluhan motor.,diagnosa,min motor brebet dingin
253,layanan_servis,"min, motor susah hidup",Sedang menganalisis keluhan motor.,diagnosa,min motor susah hidup
254,layanan_servis,"min, rem motor keras",Sedang menganalisis keluhan motor.,diagnosa,min rem motor keras
255,layanan_servis,"min, mesin motor cepat panas",Sedang menganalisis keluhan motor.,diagnosa,min mesin motor cepat panas
256,layanan_servis,"min, bisa servis motor matic",Bengkel melayani servis motor matic.,,min servis motor matic
257,layanan_servis,"min, bisa servis injeksi",Bengkel menerima servis injeksi.,,min servis injeksi
258,layanan_servis,"min, bisa tune up motor",Bengkel melayani tune up motor.,,min tune up motor
259,layanan_servis,"min, bisa ganti ban",Bengkel melayani penggantian ban.,,min ganti ban
260,layanan_servis,"min, bisa ganti oli",Bengkel melayani penggantian oli.,,min ganti oli
261,layanan_servis,"min, bisa perbaiki rem motor",Bengkel melayani perbaikan rem motor.,,min baik rem motor
262,layanan_servis,"min, servis motor karburator bisa",Bengkel melayani servis motor karburator.,,min servis motor karburator
263,layanan_servis,"min, servis motor beat bisa",Bengkel melayani servis motor Beat.,,min servis motor beat
264,layanan_servis,"min, servis motor vario bisa",Bengkel melayani servis motor Vario.,,min servis motor vario
265,cek_stok,stok oli yamalube matic dong,Sedang cek stok barang.,check_stock,stok oli yamalube matic dong
266,cek_stok,ada oli ahm mpx 2 dong,Sedang cek stok barang.,check_stock,oli ahm mpx dong
267,cek_stok,oli enduro matic ready dong,Sedang cek stok barang.,check_stock,oli enduro matic ready dong
268,cek_stok,stok busi ngk cpr9ea dong,Sedang cek stok barang.,check_stock,stok busi ngk cprea dong
269,cek_stok,ada busi denso u22epr9 dong,Sedang cek stok barang.,check_stock,busi denso uepr dong
270,cek_stok,stok aki gs astra dong,Sedang cek stok barang.,check_stock,stok aki gs astra dong
271,cek_stok,aki yuasa masih ada dong,Sedang cek stok barang.,check_stock,aki yuasa dong
272,cek_stok,ban fdr ready dong,Sedang cek stok barang.,check_stock,ban fdr ready dong
273,cek_stok,ban irc masih tersedia dong,Sedang cek stok barang.,check_stock,ban irc sedia dong
274,cek_stok,kampas rem federal ada dong,Sedang cek stok barang.,check_stock,kampas rem federal dong
275,cek_stok,kampas rem indoparts ready dong,Sedang cek stok barang.,check_stock,kampas rem indoparts ready dong
276,cek_stok,filter udara honda ada dong,Sedang cek stok barang.,check_stock,filter udara honda dong
277,cek_stok,filter udara yamaha tersedia dong,Sedang cek stok barang.,check_stock,filter udara yamaha sedia dong
278,cek_stok,cvt belt bando ada dong,Sedang cek stok barang.,check_stock,cvt belt bando dong
279,cek_stok,rantai sss ready dong,Sedang cek stok barang.,check_stock,rantai sss ready dong
280,cek_stok,stok oli untuk beat dong,Sedang cek stok barang.,check_stock,stok oli beat dong
281,cek_stok,stok busi untuk vario dong,Sedang cek stok barang.,check_stock,stok busi vario dong
282,cek_stok,stok aki untuk scoopy dong,Sedang cek stok barang.,check_stock,stok aki scoopy dong
283,info_barang,"min, informasi oli yamalube matic",Info barang.,info_barang,min informasi oli yamalube matic
284,info_barang,"min, harga oli ahm mpx 2",Info barang.,info_barang,min harga oli ahm mpx
285,info_barang,"min, detail oli enduro matic",Info barang.,info_barang,min detail oli enduro matic
286,info_barang,"min, info busi ngk cpr9ea",Info barang.,info_barang,min info busi ngk cprea
287,info_barang,"min, harga busi denso u22epr9",Info barang.,info_barang,min harga busi denso uepr
288,info_barang,"min, informasi aki gs astra",Info barang.,info_barang,min informasi aki gs astra
289,info_barang,"min, detail aki yuasa",Info barang.,info_barang,min detail aki yuasa
290,info_barang,"min, harga ban fdr sport",Info barang.,info_barang,min harga ban fdr sport
291,info_barang,"min, info ban irc nr76",Info barang.,info_barang,min info ban irc nr
292,info_barang,"min, harga kampas rem federal",Info barang.,info_barang,min harga kampas rem federal
293,info_barang,"min, detail kampas rem indoparts",Info barang.,info_barang,min detail kampas rem indoparts
294,info_barang,"min, info filter udara honda",Info barang.,info_barang,min info filter udara honda
295,info_barang,"min, harga filter udara yamaha",Info barang.,info_barang,min harga filter udara yamaha
296,info_barang,"min, detail cvt belt bando",Info barang.,info_barang,min detail cvt belt bando
297,info_barang,"min, harga rantai sss",Info barang.,info_barang,min harga rantai sss
298,info_barang,"min, harga oli untuk beat",Info barang.,info_barang,min harga oli beat
299,info_barang,"min, info aki untuk vario",Info barang.,info_barang,min info aki vario
300,info_barang,"min, detail sparepart motor",Info barang.,info_barang,min detail sparepart motor
301,rekom_produk,oli yang cocok untuk beat dong,Rekomendasi produk.,saran_produk,oli cocok beat dong
302,rekom_produk,rekomendasi oli vario dong,Rekomendasi produk.,saran_produk,rekomendasi oli vario dong
303,rekom_produk,oli bagus untuk scoopy dong,Rekomendasi produk.,saran_produk,oli bagus scoopy dong
304,rekom_produk,oli untuk motor matic dong,Rekomendasi produk.,saran_produk,oli motor matic dong
305,rekom_produk,busi yang cocok untuk beat dong,Rekomendasi produk.,saran_produk,busi cocok beat dong
306,rekom_produk,busi untuk vario apa dong,Rekomendasi produk.,saran_produk,busi vario apa dong
307,rekom_produk,aki terbaik untuk nmax dong,Rekomendasi produk.,saran_produk,aki baik nmax dong
308,rekom_produk,aki untuk pcx apa dong,Rekomendasi produk.,saran_produk,aki pcx apa dong
309,rekom_produk,ban yang cocok untuk beat dong,Rekomendasi produk.,saran_produk,ban cocok beat dong
310,rekom_produk,produk cocok untuk mio dong,Rekomendasi produk.,saran_produk,produk cocok mio dong
311,daftar_barang,oli yang tersedia ada apa saja dong,Berikut daftar oli yang tersedia.,list_barang,oli sedia apa dong
312,daftar_barang,oli apa saja yang ada dong,Berikut daftar oli yang tersedia.,list_barang,oli apa dong
313,daftar_barang,daftar oli yang tersedia dong,Berikut daftar oli yang tersedia.,list_barang,daftar oli sedia dong
314,daftar_barang,pilihan oli di bengkel apa saja dong,Berikut daftar oli yang tersedia.,list_barang,pilih oli bengkel apa dong
315,daftar_barang,busi yang tersedia ada apa saja dong,Berikut daftar busi yang tersedia.,list_barang,busi sedia apa dong
316,daftar_barang,daftar aki yang ada dong,Berikut daftar aki yang tersedia.,list_barang,daftar aki dong
317,daftar_barang,ban apa saja yang tersedia dong,Berikut daftar ban yang tersedia.,list_barang,ban apa sedia dong
318,daftar_barang,sparepart yang tersedia apa saja dong,Berikut daftar sparepart yang tersedia.,list_barang,sparepart sedia apa dong
319,daftar_barang,barang yang tersedia di bengkel apa saja dong,Berikut daftar barang yang tersedia.,list_barang,barang sedia bengkel apa dong
320,daftar_barang,ada pilihan filter udara apa saja dong,Berikut daftar filter udara yang tersedia.,list_barang,pilih filter udara apa dong
321,layanan_servis,layanan apa saja yang ada di bengkel,"Bengkel Kurnia Motor melayani berbagai jasa servis, antara lain: Servis Motor Matic, Servis Injeksi, Tune Up Motor, Ganti Ban, Ganti Oli, Perbaikan Rem Motor, dan Servis Motor Karburator.",,layan apa bengkel
322,layanan_servis,bisa servis apa saja,"Bengkel Kurnia Motor melayani berbagai jasa servis, antara lain: Servis Motor Matic, Servis Injeksi, Tune Up Motor, Ganti Ban, Ganti Oli, Perbaikan Rem Motor, dan Servis Motor Karburator.",,servis apa
323,layanan_servis,daftar layanan bengkel,"Bengkel Kurnia Motor melayani berbagai jasa servis, antara lain: Servis Motor Matic, Servis Injeksi, Tune Up Motor, Ganti Ban, Ganti Oli, Perbaikan Rem Motor, dan Servis Motor Karburator.",,daftar layan bengkel
